{
        "freedom": {
                "tagname": "div",
                "id": "freedom",
                "style": "margin-top:75px;",
                "textContent": "Hi, Trogly, I am a big fan and I have been watching for several very long years. I love your content, the benevolence that yous how is a mirror to your personality.  You're always the better critic. I love how you've shaped thw show too. Over the years you've maintained quality and quantity. I'm always impressed. If there were anything I'd change, it'd be nothing. Not much if I did. So what I'm here for, is to ask you for a job. I realize your site is very equipped to handle a very decent deal of eye-traction (OH OH). But the modality of it is maybe a bit cold and dry. So I'm offering to make you a dark themed page, that your kindliness can offer to your fans. It's not a secret, but the thing I lust for is the beautiful Gibson. I've never owned one, and that is in itself a test on me that I want to do this. Right, yes. After the site is finished. That's when you would pay. I understand what you said a couple years back. It's people like that that kind of ooze through the canals of the content makers on this thing we call the internet. And they're woven as much as much as anyone else. With no stone unturned even, you'll find a crawler. Not fun, zero cool. They warned us in the 80s. lol. I'm not a hacker, and I'm not a witch. That is a false nose. The incredible spirit to hang on to a position like yo have for so long, I admire that completely. I'm not going to get around the fact that you've been very influential in life. All good. So with that, I ask that I would get $100 per page. I work with my own language. I show you my work everyday. The differences and all that good stuff. You'll see that I do at least one page per day. So this shouldn't be a month long project for me. The language is quite easy to manage. However I spent 5 hours today trying to make something work, because A. I had the wrong file, and B. I had not added a certain attribute to the HTML that is required for the scripting written to go ahead and work. lol. So. So much love for my language. I'm trying to fit it as Chrome Extension. I've been rejected 3 times tho.. but i can I just use the page you'd be applying to the site to spread the language to the places needed in order to fit your requirements. It wouldn't matter much to you, but to me its KUDOS! BTW, if you see any Kudos in the stores, ya know the candy bars from long ago, I am so interested in buying them. Or just throw some in a case candy. I dont need anything but the candy. Forget the case. :)"
        },
        "happiness": {
                "tagname": "br"
        },
        "liberty": {
                "tagname": "a",
                "href": "mailto:inland14@live.com",
                "textContent": "inland14@live.com"
        }
}